frame,steering,speed,category,stage
1,1484,1524,0,1
2,1480,1528,0,1
3,1484,1520,0,1
4,976,1676,0,1
5,1004,1676,0,1
6,1480,1496,0,1
7,1980,1500,0,1
8,1480,1364,0,1
9,1480,1504,0,1
10,920,1756,0,1
11,1480,1756,0,1
12,1480,1744,0,1
13,1748,1700,0,1
14,1480,1732,0,1
15,1480,1528,0,1
16,1484,1520,0,1
17,1480,1520,0,1
18,1480,1520,0,1
19,1484,1520,0,1
20,1480,1520,0,1
21,1484,1524,0,1
22,1480,1524,0,1
23,1480,1524,0,1
24,1480,1528,0,1
25,1480,1528,0,1
26,1484,1528,0,1
27,1480,1528,0,1
28,1484,1528,0,1
29,1504,1556,0,1
30,1508,1560,0,1
31,1512,1560,0,1
32,1504,1552,0,1
33,1504,1552,0,1
34,1504,1552,0,1
35,1508,1556,0,1
36,1512,1560,0,1
37,1512,1564,0,1
38,1512,1564,0,1
39,1480,1600,0,1
40,1480,1596,0,1
41,1480,1596,0,1
42,1480,1604,0,1
43,1480,1636,0,1
44,1480,1640,0,1
45,1480,1644,0,1
46,1480,1680,0,1
47,1480,1680,0,1
48,1480,1696,0,1
49,1480,1692,0,1
50,1480,1696,0,1
51,1480,1692,0,1
52,1480,1692,0,1
53,1484,1688,0,0
54,1484,1688,0,0
55,1484,1688,0,0
56,1449,1688,0,0
57,1419,1684,0,0
58,1511,1688,0,0
59,1511,1684,0,0
60,1403,1684,0,0
61,1350,1688,0,0
62,1484,1688,0,0
63,1449,1692,0,0
64,1419,1692,0,0
65,1440,1688,0,0
66,1394,1696,0,0
67,1449,1692,0,0
68,1234,1696,0,0
69,1442,1696,0,0
70,1364,1692,0,0
71,1449,1692,0,0
72,1511,1692,0,0
73,1449,1696,0,0
74,1367,1684,0,0
75,1511,1688,0,0
76,1449,1684,0,0
77,1350,1692,0,0
78,1394,1692,0,0
79,1484,1692,0,0
80,1523,1688,0,0
81,1496,1692,0,0
82,1480,1692,0,0
83,1278,1692,0,0
84,1480,1692,0,0
85,1679,1692,0,0
86,1679,1688,0,0
87,1234,1688,0,0
88,1480,1688,0,0
89,1975,1688,0,0
90,1449,1688,0,0
91,1480,1692,0,0
92,1505,1688,0,0
93,1480,1692,0,0
94,1642,1692,0,0
95,1350,1692,0,0
96,976,1692,0,0
97,1350,1692,0,0
98,1468,1688,0,0
99,1834,1688,0,0
100,1806,1684,0,0
101,1662,1688,0,0
102,1272,1688,0,0
103,1153,1692,0,0
104,1480,1688,0,0
105,1480,1688,0,0
106,1697,1684,0,0
107,1975,1684,0,0
108,1480,1688,0,0
109,1480,1684,0,0
110,1642,1688,0,0
111,1480,1688,0,0
112,1628,1688,0,0
113,1487,1688,0,0
114,1487,1688,0,0
115,1826,1688,0,0
116,1267,1688,0,0
117,1679,1684,0,0
118,1679,1692,0,0
119,1272,1688,0,0
120,1449,1684,0,0
121,1511,1688,0,0
122,1486,1688,0,0
123,1480,1688,0,0
124,1484,1688,0,0
125,1484,1692,0,0
126,1484,1688,0,0
127,1449,1692,0,0
128,1486,1688,0,0
129,1480,1692,0,0
130,1511,1692,0,0
131,1480,1692,0,0
132,1484,1692,0,0
133,1496,1692,0,0
134,1487,1692,0,0
135,1480,1692,0,0
136,1480,1688,0,0
137,1484,1684,0,0
138,1484,1688,0,0
139,1449,1688,0,0
140,1449,1688,0,0
141,1484,1692,0,0
142,1484,1692,0,0
143,1484,1688,0,0
144,1505,1692,0,0
145,1514,1692,0,0
146,1511,1692,0,0
147,1484,1692,0,0
148,1496,1692,0,0
149,1496,1692,0,0
150,1480,1692,0,0
151,1484,1688,0,0
152,1449,1688,0,0
153,1480,1692,0,0
154,1449,1684,0,0
155,1511,1688,0,0
156,1480,1688,0,0
157,1511,1688,0,0
158,1514,1692,0,0
159,1486,1692,0,0
160,1487,1688,0,0
161,1480,1688,0,0
162,1511,1692,0,0
163,1312,1692,0,0
164,1511,1688,0,0
165,1449,1696,0,0
166,1278,1692,0,0
167,1975,1688,0,0
168,1486,1688,0,0
169,1480,1692,0,0
170,976,1692,0,0
171,1470,1692,0,0
172,1480,1688,0,0
173,1480,1688,0,0
174,1484,1688,0,0
175,1449,1688,0,0
176,1449,1688,0,0
177,1486,1688,0,0
178,1449,1684,0,0
179,1480,1684,0,0
180,1486,1688,0,0
181,1484,1688,0,0
182,1484,1688,0,0
183,1486,1692,0,0
184,1511,1692,0,0
185,1496,1688,0,0
186,1480,1696,0,0
187,1487,1692,0,0
188,1496,1692,0,0
189,1484,1692,0,0
190,1484,1692,0,0
191,1484,1692,0,0
192,1496,1692,0,0
193,1511,1692,0,0
194,1514,1696,0,0
195,1486,1696,0,0
196,1484,1692,0,0
197,1449,1696,0,0
198,1403,1696,0,0
199,1449,1692,0,0
200,1511,1696,0,0
201,1498,1692,0,0
202,1608,1688,0,0
203,1502,1688,0,0
204,1484,1688,0,0
205,1511,1688,0,0
206,1484,1688,0,0
207,1496,1688,0,0
208,1534,1688,0,0
209,1505,1688,0,0
210,1505,1688,0,0
211,1534,1692,0,0
212,1484,1688,0,0
213,1484,1688,0,0
214,1484,1688,0,0
215,1477,1688,0,0
216,1477,1692,0,0
217,1484,1692,0,0
218,1477,1692,0,0
219,1480,1692,0,0
220,1484,1692,0,0
221,1484,1692,0,0
222,1484,1692,0,0
223,1477,1692,0,0
224,1514,1688,0,0
225,1480,1692,0,0
226,1477,1692,0,0
227,1484,1692,0,0
228,1477,1692,0,0
229,1534,1688,0,0
230,1511,1688,0,0
231,1496,1688,0,0
232,1511,1692,0,0
233,1480,1692,0,0
234,1477,1692,0,0
235,1480,1692,0,0
236,1477,1692,0,0
237,1449,1692,0,0
238,1480,1692,0,0
239,1449,1692,0,0
240,1679,1692,0,0
241,1679,1696,0,0
242,1511,1692,0,0
243,1672,1696,0,0
244,1534,1692,0,0
245,1511,1692,0,0
246,1511,1692,0,0
247,1484,1692,0,0
248,1511,1692,0,0
249,1496,1696,0,0
250,1487,1696,0,0
251,1511,1700,0,0
252,1514,1696,0,0
253,1496,1700,0,0
254,1496,1696,0,0
255,1496,1696,0,0
256,1496,1700,0,0
257,1496,1696,0,0
258,1486,1696,0,0
259,1496,1688,0,0
260,1496,1692,0,0
261,1511,1688,0,0
262,1496,1692,0,0
263,1496,1688,0,0
264,1511,1692,0,0
265,1496,1688,0,0
266,1514,1688,0,0
267,1511,1692,0,0
268,1496,1692,0,0
269,1496,1692,0,0
270,1487,1692,0,0
271,1496,1692,0,0
272,1511,1692,0,0
273,1496,1692,0,0
274,1511,1692,0,0
275,1496,1688,0,0
276,1511,1692,0,0
277,1484,1688,0,0
278,1496,1688,0,0
279,1484,1688,0,0
280,1484,1688,0,0
281,1486,1692,0,0
282,1486,1688,0,0
283,1486,1692,0,0
284,1486,1696,0,0
285,1486,1696,0,0
286,1486,1692,0,0
287,1486,1700,0,0
288,1486,1696,0,0
289,1486,1696,0,0
290,1487,1696,0,0
291,1486,1696,0,0
292,1496,1696,0,0
293,1496,1696,0,0
294,1496,1692,0,0
295,1514,1692,0,0
296,1511,1692,0,0
297,1496,1692,0,0
298,1486,1692,0,0
299,1486,1688,0,0
300,1511,1692,0,0
301,1511,1692,0,0
302,1496,1692,0,0
303,1496,1692,0,0
304,1496,1692,0,0
305,1484,1688,0,0
306,1505,1688,0,0
307,1505,1688,0,0
308,1505,1688,0,0
309,1496,1688,0,0
310,1484,1688,0,0
311,1511,1688,0,0
312,1496,1692,0,0
313,1484,1692,0,0
314,1484,1692,0,0
315,1496,1692,0,0
316,1496,1696,0,0
317,1486,1696,0,0
318,1486,1696,0,0
319,1486,1696,0,0
320,1486,1696,0,0
321,1486,1696,0,0
322,1486,1696,0,0
323,1484,1696,0,0
324,1486,1696,0,0
325,1486,1696,0,0
326,1486,1696,0,0
327,1486,1692,0,0
328,1484,1688,0,0
329,1484,1692,0,0
330,1486,1688,0,0
331,1486,1692,0,0
332,1486,1696,0,0
333,1486,1692,0,0
334,1484,1688,0,0
335,1484,1692,0,0
336,1484,1692,0,0
337,1484,1692,0,0
338,1484,1692,0,0
339,1484,1692,0,0
340,1484,1688,0,0
341,1484,1692,0,0
342,1484,1688,0,0
343,1484,1692,0,0
344,1484,1692,0,0
345,1484,1688,0,0
346,1449,1692,0,0
347,1484,1692,0,0
348,1484,1696,0,0
349,1484,1688,0,0
350,1486,1692,0,0
351,1484,1692,0,0
352,1486,1692,0,0
353,1484,1688,0,0
354,1496,1692,0,0
355,1484,1692,0,0
356,1484,1692,0,0
357,1484,1688,0,0
358,1496,1688,0,0
359,1484,1688,0,0
360,1496,1688,0,0
361,1484,1688,0,0
362,1496,1688,0,0
363,1484,1692,0,0
364,1486,1696,0,0
365,1440,1692,0,0
366,1484,1692,0,0
367,1484,1692,0,0
368,1484,1692,0,0
369,1484,1696,0,0
370,1486,1688,0,0
371,1484,1692,0,0
372,1496,1692,0,0
373,1511,1692,0,0
374,1496,1692,0,0
375,1484,1692,0,0
376,1484,1692,0,0
377,1484,1696,0,0
378,1484,1688,0,0
379,1505,1692,0,0
380,1484,1696,0,0
381,1534,1692,0,0
382,1534,1696,0,0
383,1511,1692,0,0
384,1511,1692,0,0
385,1505,1696,0,0
386,1511,1692,0,0
387,1505,1692,0,0
388,1511,1696,0,0
389,1484,1696,0,0
390,1529,1696,0,0
391,1529,1696,0,0
392,1541,1696,0,0
393,1481,1692,0,0
394,1477,1692,0,0
395,1477,1688,0,0
396,1477,1692,0,0
397,1484,1688,0,0
398,1477,1688,0,0
399,1496,1688,0,0
400,1484,1688,0,0
401,1468,1688,0,0
402,1484,1692,0,0
403,1468,1692,0,0
404,1413,1688,0,0
405,1449,1688,0,0
406,1449,1684,0,0
407,1496,1688,0,0
408,1511,1688,0,0
409,1484,1688,0,0
410,1496,1688,0,0
411,1477,1692,0,0
412,1511,1688,0,0
413,1553,1688,0,0
414,1553,1684,0,0
415,1553,1692,0,0
416,1480,1692,0,0
417,1480,1692,0,0
418,1430,1688,0,0
419,1477,1688,0,0
420,1511,1692,0,0
421,1430,1688,0,0
422,1553,1688,0,0
423,1534,1692,0,0
424,1496,1692,0,0
425,1582,1688,0,0
426,1553,1688,0,0
427,1496,1692,0,0
428,1477,1688,0,0
429,1477,1692,0,0
430,1449,1684,0,0
431,1430,1688,0,0
432,1449,1684,0,0
433,1449,1692,0,0
434,1477,1688,0,0
435,1449,1688,0,0
436,1449,1684,0,0
437,1403,1684,0,0
438,1449,1688,0,0
439,1403,1688,0,0
440,1430,1688,0,0
441,1403,1688,0,0
442,1449,1688,0,0
443,1496,1688,0,0
444,1449,1680,0,0
445,1449,1684,0,0
446,1466,1680,0,0
447,1449,1684,0,0
448,1449,1676,0,0
449,1449,1676,0,0
450,1449,1680,0,0
451,1449,1648,0,0
452,1468,1644,0,0
453,1484,1644,0,0
454,1466,1644,0,0
455,1484,1648,0,0
456,1486,1660,0,0
457,1496,1664,0,0
458,1484,1676,0,0
459,1484,1696,0,0
460,1484,1696,0,0
461,1484,1692,0,0
462,1484,1688,0,0
463,1484,1692,0,0
464,1484,1692,0,0
465,1486,1692,0,0
466,1484,1688,0,0
467,1484,1688,0,0
468,1468,1692,0,0
469,1486,1688,0,0
470,1486,1684,0,0
471,1486,1688,0,0
472,1477,1688,0,0
473,1486,1680,0,0
474,1477,1680,0,0
475,1466,1680,0,0
476,1484,1684,0,0
477,1486,1680,0,0
478,1466,1680,0,0
479,1486,1684,0,0
480,1468,1684,0,0
481,1468,1684,0,0
482,1468,1684,0,0
483,1484,1684,0,0
484,1484,1684,0,0
485,1484,1684,0,0
486,1468,1684,0,0
487,1477,1688,0,0
488,1481,1684,0,0
489,1477,1684,0,0
490,1477,1684,0,0
491,1449,1680,0,0
492,1449,1680,0,0
493,1449,1680,0,0
494,1449,1684,0,0
495,1468,1680,0,0
496,1449,1680,0,0
497,1468,1680,0,0
498,1463,1680,0,0
499,1449,1680,0,0
500,1468,1680,0,0
501,1440,1676,0,0
502,1466,1680,0,0
503,1480,1676,0,0
504,1477,1672,0,0
505,1470,1668,0,0
506,1480,1672,0,0
507,1480,1632,0,0
508,1477,1624,0,0
509,1477,1548,0,0
510,1480,1532,0,0
511,1477,1528,0,0
512,1477,1524,0,0
513,1449,1528,0,0
514,1449,1524,0,0
515,1449,1524,0,0
516,1480,1528,0,0
517,1457,1520,0,0
518,1449,1520,0,0
519,1468,1520,0,0
520,1457,1528,0,0
521,1463,1528,0,0
522,1463,1524,0,0
523,1480,1524,0,0
524,1480,1524,0,0
525,1480,1524,0,0
526,1480,1524,0,0
527,1480,1524,0,0
528,1480,1528,0,0
529,1480,1528,0,0
530,1480,1528,0,0
531,1480,1524,0,0
532,1463,1524,0,0
533,1463,1528,0,0
534,1480,1528,0,0
535,1904,1524,0,1
536,1964,1528,0,1
537,1960,1528,0,1
538,1960,1528,0,1
539,1960,1528,0,1
540,1960,1532,0,1
541,1960,1536,0,1
542,1960,1536,0,1
543,1960,1540,0,1
544,1960,1536,0,1
545,1960,1540,0,1
546,1960,1540,0,1
547,1960,1564,0,1
548,1964,1560,0,1
549,1960,1560,0,1
550,1960,1560,0,1
551,1960,1560,0,1
552,1960,1560,0,1
553,1960,1560,0,1
554,1960,1556,0,1
555,1960,1556,0,1
556,1960,1560,0,1
557,1960,1560,0,1
558,1960,1560,0,1
559,1960,1560,0,1
560,1960,1564,0,1
561,1960,1564,0,1
562,1960,1560,0,1
563,1960,1560,0,1
564,1960,1564,0,1
565,1964,1560,0,1
566,1960,1564,0,1
567,1960,1568,0,1
568,1960,1572,0,1
569,1960,1568,0,1
570,1960,1572,0,1
571,1960,1588,0,1
572,1960,1600,0,1
573,1960,1604,0,1
574,1960,1600,0,1
575,1960,1612,0,1
576,1964,1612,0,1
577,1960,1632,0,1
578,1960,1628,0,1
579,1960,1632,0,1
580,1960,1632,0,1
581,1960,1632,0,1
582,1960,1632,0,1
583,1964,1680,0,1
584,1960,1680,0,1
585,1960,1680,0,1
586,1960,1680,0,1
587,1912,1680,0,1
588,1720,1676,0,1
589,1556,1680,0,1
590,1480,1676,0,1
591,1480,1676,0,1
592,1484,1676,0,1
593,1470,1672,0,0
594,1480,1620,0,1
595,1508,1556,0,1
596,1492,1536,0,1
597,1492,1540,0,1
598,1492,1540,0,1
599,1488,1540,0,1
600,1492,1544,0,1
601,1496,1544,0,1
602,1496,1544,0,1
603,1496,1544,0,1
604,1492,1544,0,1
605,1496,1544,0,1
606,1496,1548,0,1
607,1496,1548,0,1
608,1496,1548,0,1
609,1496,1548,0,1
610,1496,1544,0,1
611,1492,1544,0,1
612,1492,1536,0,1
613,1488,1540,0,1
614,1488,1540,0,1
615,1496,1540,0,0
616,1496,1536,0,0
617,1496,1544,0,0
618,1511,1552,0,0
619,1511,1548,0,0
620,1511,1560,0,0
621,1511,1560,0,0
622,1511,1596,0,0
623,1511,1608,0,0
624,1511,1612,0,0
625,1496,1612,0,0
626,1496,1636,0,0
627,1511,1644,0,0
628,1487,1644,0,0
629,1480,1644,0,0
630,1487,1644,0,0
631,1484,1644,0,0
632,1484,1640,0,0
633,1484,1656,0,0
634,1487,1668,0,0
635,1505,1672,0,0
636,1505,1672,0,0
637,1511,1664,0,0
638,1514,1664,0,0
639,1480,1664,0,0
640,1484,1660,0,0
641,1449,1656,0,0
642,1480,1660,0,0
643,1480,1628,0,0
644,1679,1616,0,0
645,1679,1628,0,0
646,1679,1668,0,0
647,1806,1672,0,0
648,1806,1672,0,0
649,1449,1672,0,0
650,1470,1664,0,0
651,1665,1660,0,0
652,1212,1656,0,0
653,1095,1596,0,0
654,1806,1600,0,0
655,1480,1596,0,0
656,1480,1596,0,0
657,1826,1600,0,0
658,1480,1596,0,0
659,1834,1596,0,0
660,1785,1596,0,0
661,1785,1596,0,0
662,1480,1596,0,0
663,1679,1596,0,0
664,1679,1596,0,0
665,1679,1600,0,0
666,1859,1636,0,0
667,1875,1652,0,0
668,1834,1652,0,0
669,1806,1656,0,0
670,1470,1652,0,0
671,1480,1652,0,0
672,1642,1648,0,0
673,1480,1648,0,0
674,1449,1648,0,0
675,1480,1648,0,0
676,1480,1648,0,0
677,1480,1648,0,0
678,1480,1648,0,0
679,1480,1644,0,0
680,1480,1644,0,0
681,1152,1644,0,0
682,1470,1644,0,0
683,1480,1644,0,0
684,1480,1640,0,0
685,1206,1644,0,0
686,1449,1648,0,0
687,1674,1652,0,0
688,1679,1676,0,0
689,1706,1676,0,0
690,1671,1672,0,0
691,1486,1672,0,0
692,1449,1664,0,0
693,1679,1664,0,0
694,1440,1664,0,0
695,1413,1664,0,0
696,1419,1656,0,0
697,1449,1652,0,0
698,1468,1652,0,0
699,1449,1656,0,0
700,1449,1656,0,0
701,1206,1652,0,0
702,1206,1616,0,0
703,1206,1540,0,0
704,1480,1524,0,0
705,1679,1528,0,0
706,1740,1524,0,0
707,1785,1528,0,0
708,1785,1528,0,0
709,1785,1528,0,0
710,1785,1528,0,0
711,1785,1532,0,0
712,1785,1528,0,0
713,1785,1528,0,0
714,1785,1528,0,0
715,1785,1528,0,0
716,1785,1524,0,0
717,1785,1528,0,0
718,1785,1532,0,0
719,1132,1532,0,1
720,924,1532,0,1
721,924,1528,0,1
722,924,1524,0,1
723,924,1524,0,1
724,920,1524,0,1
725,924,1528,0,1
726,924,1532,0,1
727,924,1536,0,1
728,924,1532,0,1
729,924,1536,0,1
730,924,1540,0,1
731,924,1544,0,1
732,924,1544,0,1
733,924,1548,0,1
734,924,1568,0,1
735,924,1576,0,1
736,928,1584,0,1
737,924,1596,0,1
738,924,1612,0,1
739,924,1620,0,1
740,924,1636,0,1
741,920,1636,0,1
742,924,1636,0,1
743,924,1636,0,1
744,920,1644,0,1
745,920,1640,0,1
746,920,1648,0,1
747,924,1652,0,1
748,920,1652,0,1
749,924,1660,0,1
750,924,1664,0,1
751,920,1664,0,1
752,924,1664,0,1
753,924,1664,0,1
754,924,1664,0,1
755,924,1668,0,1
756,920,1668,0,1
757,924,1664,0,1
758,924,1668,0,1
759,920,1668,0,1
760,924,1668,0,1
761,924,1668,0,1
762,924,1668,0,1
763,924,1668,0,1
764,924,1664,0,1
765,1116,1664,0,1
766,1320,1664,0,1
767,1316,1664,0,1
768,1316,1664,0,1
769,1304,1660,0,1
770,1300,1660,0,1
771,1296,1664,0,1
772,1296,1664,0,1
773,1296,1660,0,1
774,1300,1664,0,1
775,1296,1664,0,1
776,1296,1660,0,1
777,1292,1660,0,1
778,1300,1664,0,1
779,1300,1664,0,1
780,1328,1664,0,1
781,1424,1664,0,1
782,1436,1664,0,1
783,1440,1664,0,1
784,1440,1660,0,1
785,1436,1664,0,1
786,1436,1668,0,1
787,1436,1664,0,1
788,1440,1664,0,1
789,1440,1664,0,1
790,1436,1672,0,1
791,1480,1664,0,1
792,1484,1664,0,1
793,1480,1664,0,1
794,1480,1668,0,1
795,1484,1664,0,1
796,1480,1668,0,1
797,1480,1664,0,1
798,1480,1664,0,1
799,1484,1664,0,1
800,1480,1668,0,1
801,1480,1664,0,1
802,1480,1668,0,1
803,1484,1664,0,1
804,1484,1668,0,1
805,1480,1664,0,1
806,1480,1664,0,1
807,1480,1664,0,1
808,1480,1668,0,1
809,1480,1664,0,1
810,1484,1668,0,1
811,1480,1668,0,1
812,1480,1668,0,1
813,1484,1664,0,1
814,1432,1664,0,1
815,1352,1664,0,1
816,1348,1656,0,1
817,1348,1656,0,1
818,1480,1660,0,1
819,1484,1660,0,1
820,1484,1656,0,1
821,1480,1632,0,1
822,1480,1596,0,1
823,1480,1600,0,1
824,1480,1600,0,1
825,1480,1596,0,1
826,1480,1596,0,1
827,1484,1596,0,0
828,1484,1600,0,0
829,1484,1596,0,0
830,1484,1600,0,0
831,1484,1596,0,0
832,1484,1636,0,0
833,1484,1640,0,0
834,1484,1640,0,0
835,1484,1644,0,0
836,1484,1644,0,0
837,1484,1672,0,0
838,1480,1684,0,0
839,1480,1704,0,0
840,1484,1704,0,0
841,1378,1704,0,0
842,1484,1704,0,0
843,1484,1700,0,0
844,1449,1696,0,0
845,1449,1692,0,0
846,1312,1700,0,0
847,1484,1700,0,0
848,1449,1704,0,0
849,1350,1704,0,0
850,1480,1704,0,0
851,1430,1704,0,0
852,1480,1704,0,0
853,1679,1704,0,0
854,1582,1700,0,0
855,1679,1700,0,0
856,1261,1696,0,0
857,1261,1696,0,0
858,1449,1696,0,0
859,1449,1696,0,0
860,1470,1700,0,0
861,1272,1700,0,0
862,1679,1700,0,0
863,1449,1700,0,0
864,1278,1708,0,0
865,1195,1696,0,0
866,1272,1692,0,0
867,1272,1692,0,0
868,1679,1692,0,0
869,1486,1696,0,0
870,1679,1692,0,0
871,1278,1696,0,0
872,1272,1704,0,0
873,1642,1704,0,0
874,1679,1704,0,0
875,1272,1704,0,0
876,1440,1704,0,0
877,1679,1704,0,0
878,1642,1700,0,0
879,1421,1700,0,0
880,1440,1700,0,0
881,1440,1700,0,0
882,1332,1700,0,0
883,1449,1696,0,0
884,1449,1696,0,0
885,1449,1696,0,0
886,1272,1700,0,0
887,1261,1700,0,0
888,1679,1700,0,0
889,1480,1700,0,0
890,1480,1700,0,0
891,1651,1700,0,0
892,1480,1700,0,0
893,1642,1696,0,0
894,1582,1700,0,0
895,1679,1700,0,0
896,1642,1700,0,0
897,1480,1700,0,0
898,1440,1700,0,0
899,1394,1700,0,0
900,1484,1700,0,0
901,1317,1700,0,0
902,1272,1704,0,0
903,1480,1704,0,0
904,1679,1704,0,0
905,1518,1704,0,0
906,1679,1704,0,0
907,1679,1704,0,0
908,1660,1696,0,0
909,1697,1696,0,0
910,1679,1696,0,0
911,1449,1700,0,0
912,1278,1704,0,0
913,1272,1704,0,0
914,1272,1704,0,0
915,1278,1704,0,0
916,1440,1704,0,0
917,1312,1704,0,0
918,1679,1704,0,0
919,1713,1700,0,0
920,1679,1700,0,0
921,1679,1700,0,0
922,1480,1704,0,0
923,1484,1704,0,0
924,1486,1704,0,0
925,1679,1704,0,0
926,1708,1692,0,0
927,1679,1688,0,0
928,1679,1692,0,0
929,1449,1696,0,0
930,1648,1700,0,0
931,1251,1700,0,0
932,1212,1700,0,0
933,1228,1704,0,0
934,1679,1700,0,0
935,1212,1692,0,0
936,1195,1700,0,0
937,1173,1700,0,0
938,1449,1700,0,0
939,1486,1692,0,0
940,1679,1696,0,0
941,1480,1692,0,0
942,1651,1692,0,0
943,1480,1692,0,0
944,1470,1692,0,0
945,1679,1692,0,0
946,1480,1692,0,0
947,1697,1700,0,0
948,1806,1700,0,0
949,1679,1704,0,0
950,1679,1704,0,0
951,1261,1704,0,0
952,1234,1708,0,0
953,1291,1708,0,0
954,1301,1704,0,0
955,1261,1704,0,0
956,1261,1704,0,0
957,976,1704,0,0
958,1173,1704,0,0
959,1234,1704,0,0
960,1470,1704,0,0
961,976,1704,0,0
962,1449,1704,0,0
963,1272,1704,0,0
964,1114,1704,0,0
965,1152,1700,0,0
966,1234,1688,0,0
967,1713,1524,0,0
968,1272,1524,0,0
969,1440,1524,0,0
970,1484,1524,0,0
971,1484,1520,0,0
972,1440,1520,0,0
973,1449,1524,0,0
974,1449,1524,0,0
975,1449,1524,0,0
976,1449,1524,0,0
977,1484,1524,0,0
978,1449,1528,0,0
979,1449,1528,0,0
980,1449,1528,0,0
981,1449,1524,0,0
982,1449,1528,0,0
983,1484,1524,0,0
984,1484,1524,0,0
985,1449,1528,0,0
986,1668,1528,0,1
987,1640,1524,0,1
988,1484,1528,0,1
989,1532,1528,0,1
990,1660,1528,0,1
991,1960,1528,0,1
992,1960,1528,0,1
993,1960,1528,0,1
994,1960,1528,0,1
995,1964,1528,0,1
996,1960,1536,0,1
997,1964,1620,0,1
998,1960,1672,0,1
999,1960,1672,0,1
1000,1960,1664,0,1
1001,1960,1664,0,1
1002,1960,1664,0,1
1003,1964,1668,0,1
1004,1964,1668,0,1
1005,1960,1668,0,1
1006,1960,1672,0,1
1007,1960,1672,0,1
1008,1960,1668,0,1
1009,1960,1672,0,1
1010,1772,1668,0,1
1011,1480,1664,0,1
1012,1480,1644,0,1
1013,1480,1528,0,1
1014,1484,1524,0,1
1015,1484,1528,0,1
1016,1480,1532,0,1
1017,1480,1532,0,1
1018,1480,1532,0,1
1019,1480,1532,0,1
1020,1484,1532,0,1
1021,1480,1528,0,1
1022,1480,1524,0,0
1023,1480,1524,0,0
1024,1480,1528,0,0
1025,1480,1528,0,0
1026,1480,1544,0,0
1027,1480,1596,0,0
1028,1480,1656,0,0
1029,1449,1684,0,0
1030,1449,1680,0,0
1031,1449,1700,0,0
1032,1312,1696,0,0
1033,1480,1688,0,0
1034,1278,1676,0,0
1035,1312,1676,0,0
1036,1484,1676,0,0
1037,1484,1672,0,0
1038,1651,1676,0,0
1039,1312,1676,0,0
1040,1312,1680,0,0
1041,1312,1680,0,0
1042,1660,1680,0,0
1043,1272,1680,0,0
1044,1468,1680,0,0
1045,1480,1680,0,0
1046,1430,1680,0,0
1047,1449,1680,0,0
1048,1449,1680,0,0
1049,1440,1680,0,0
1050,1679,1680,0,0
1051,1486,1676,0,0
1052,1484,1680,0,0
1053,1511,1676,0,0
1054,1511,1688,0,0
1055,1484,1684,0,0
1056,1484,1684,0,0
1057,1484,1684,0,0
1058,1480,1684,0,0
1059,1480,1684,0,0
1060,1505,1684,0,0
1061,1511,1684,0,0
1062,1480,1680,0,0
1063,1679,1676,0,0
1064,1511,1680,0,0
1065,1511,1688,0,0
1066,1532,1688,0,0
1067,1487,1688,0,0
1068,1484,1688,0,0
1069,1480,1688,0,0
1070,1449,1688,0,0
1071,1312,1688,0,0
1072,1532,1684,0,0
1073,1486,1684,0,0
1074,1518,1684,0,0
1075,1511,1684,0,0
1076,1496,1684,0,0
1077,1415,1684,0,0
1078,1449,1684,0,0
1079,1350,1680,0,0
1080,1350,1684,0,0
1081,1449,1680,0,0
1082,1511,1676,0,0
1083,1480,1676,0,0
1084,1511,1680,0,0
1085,1449,1676,0,0
1086,1449,1676,0,0
1087,1449,1676,0,0
1088,1486,1676,0,0
1089,1486,1672,0,0
1090,1484,1676,0,0
1091,1484,1672,0,0
1092,1496,1672,0,0
1093,1484,1672,0,0
1094,1449,1672,0,0
1095,1486,1672,0,0
1096,1484,1668,0,0
1097,1419,1672,0,0
1098,1440,1652,0,0
1099,1449,1652,0,0
1100,1511,1524,0,0
1101,1484,1524,0,0
1102,1477,1524,0,0
1103,1449,1524,0,0
1104,1449,1524,0,0
1105,1477,1524,0,0
1106,1484,1524,0,0
1107,1449,1524,0,0
1108,1484,1524,0,0
1109,1449,1524,0,0
1110,1984,1528,0,1
1111,1984,1528,0,1
1112,1980,1528,0,1
1113,1984,1536,0,1
1114,1984,1536,0,1
1115,1984,1536,0,1
1116,1984,1560,0,1
1117,1984,1564,0,1
1118,1928,1600,0,1
1119,1984,1644,0,1
1120,1984,1652,0,1
1121,1984,1648,0,1
1122,1984,1648,0,1
1123,1984,1652,0,1
1124,1984,1652,0,1
1125,1816,1648,0,1
1126,1716,1652,0,1
1127,1640,1652,0,1
1128,1480,1648,0,1
1129,1480,1608,0,1
1130,1508,1548,0,1
1131,1500,1552,0,1
1132,1496,1544,0,1
1133,1480,1528,0,1
1134,1484,1524,0,1
1135,1484,1528,0,1
1136,1484,1524,0,1
1137,1480,1528,0,0
1138,1480,1524,0,0
1139,1480,1532,0,0
1140,1480,1560,0,0
1141,1463,1612,0,0
1142,1449,1612,0,0
1143,1449,1636,0,0
1144,1477,1636,0,0
1145,1477,1640,0,0
1146,1470,1644,0,0
1147,1449,1676,0,0
1148,1449,1676,0,0
1149,1430,1672,0,0
1150,1449,1672,0,0
1151,1449,1668,0,0
1152,1486,1664,0,0
1153,1484,1660,0,0
1154,1465,1660,0,0
1155,1440,1664,0,0
1156,1440,1672,0,0
1157,1440,1676,0,0
1158,1440,1676,0,0
1159,1484,1676,0,0
1160,1449,1676,0,0
1161,1350,1676,0,0
1162,1480,1668,0,0
1163,1511,1668,0,0
1164,1480,1668,0,0
1165,1480,1668,0,0
1166,1480,1676,0,0
1167,1480,1672,0,0
1168,1449,1700,0,0
1169,1350,1704,0,0
1170,1449,1700,0,0
1171,1312,1688,0,0
1172,1480,1688,0,0
1173,1480,1688,0,0
1174,1419,1684,0,0
1175,1430,1684,0,0
1176,1642,1688,0,0
1177,1511,1688,0,0
1178,1484,1688,0,0
1179,1487,1688,0,0
1180,1430,1688,0,0
1181,1449,1684,0,0
1182,1419,1536,0,0
1183,1480,1524,0,0
1184,1317,1528,0,0
1185,1449,1540,0,0
1186,1272,1548,0,0
1187,1278,1556,0,0
1188,1291,1608,0,0
1189,1272,1612,0,0
1190,1234,1608,0,0
1191,1440,1604,0,0
1192,1480,1608,0,0
1193,1642,1608,0,0
1194,1642,1608,0,0
1195,1440,1628,0,0
1196,1449,1632,0,0
1197,1449,1656,0,0
1198,1648,1656,0,0
1199,1648,1656,0,0
1200,1648,1656,0,0
1201,1642,1656,0,0
1202,1261,1652,0,0
1203,1415,1644,0,0
1204,1261,1644,0,0
1205,1356,1624,0,0
1206,1261,1632,0,0
1207,1261,1628,0,0
1208,1449,1632,0,0
1209,1177,1644,0,0
1210,1195,1648,0,0
1211,1350,1648,0,0
1212,1449,1620,0,0
1213,1449,1624,0,0
1214,1394,1628,0,0
1215,1486,1632,0,0
1216,1679,1640,0,0
1217,1484,1632,0,0
1218,1496,1632,0,0
1219,1415,1620,0,0
1220,1496,1596,0,0
1221,1496,1524,0,0
1222,1496,1524,0,0
1223,1505,1524,0,0
1224,1484,1524,0,0
1225,1505,1528,0,0
1226,1496,1528,0,0
1227,1505,1536,0,0
1228,1188,1540,0,1
1229,960,1532,0,1
1230,960,1540,0,1
1231,960,1648,0,1
1232,960,1656,0,1
1233,960,1656,0,1
1234,960,1656,0,1
1235,960,1656,0,1
1236,960,1672,0,1
1237,960,1668,0,1
1238,960,1668,0,1
1239,960,1668,0,1
1240,960,1672,0,1
1241,956,1668,0,1
1242,1064,1668,0,1
1243,1372,1668,0,1
1244,1384,1668,0,1
1245,1416,1664,0,1
1246,1416,1664,0,1
1247,1420,1660,0,1
1248,1416,1664,0,1
1249,1328,1664,0,1
1250,1328,1664,0,1
1251,1328,1664,0,1
1252,1300,1664,0,1
1253,1296,1668,0,1
1254,1264,1672,0,1
1255,1256,1672,0,1
1256,1228,1676,0,1
1257,1232,1672,0,1
1258,1232,1676,0,1
1259,1344,1676,0,1
1260,1484,1672,0,1
1261,1480,1672,0,1
1262,1480,1672,0,1
1263,1480,1672,0,1
1264,1476,1668,0,1
1265,1404,1676,0,1
1266,1408,1672,0,1
1267,1380,1672,0,1
1268,1324,1684,0,1
1269,1316,1688,0,1
1270,1316,1688,0,1
1271,1320,1688,0,1
1272,1320,1684,0,1
1273,1320,1688,0,1
1274,1320,1684,0,1
1275,1320,1688,0,1
1276,1340,1684,0,1
1277,1484,1684,0,1
1278,1484,1684,0,1
1279,1484,1680,0,1
1280,1480,1680,0,1
1281,1484,1672,0,1
1282,1480,1676,0,1
1283,1480,1676,0,1
1284,1484,1676,0,1
1285,1484,1672,0,1
1286,1480,1672,0,1
1287,1496,1544,0,1
1288,1480,1528,0,1
1289,1484,1524,0,1
1290,1484,1532,0,1
1291,1480,1528,0,1
1292,1480,1528,0,1
1293,1496,1528,0,0
1294,1496,1528,0,0
1295,1496,1528,0,0
1296,1496,1532,0,0
1297,1496,1540,0,0
1298,1511,1536,0,0
1299,1496,1648,0,0
1300,1496,1700,0,0
1301,1496,1704,0,0
1302,1496,1700,0,0
1303,1484,1700,0,0
1304,1484,1692,0,0
1305,1449,1680,0,0
1306,1484,1676,0,0
1307,1511,1676,0,0
1308,1449,1676,0,0
1309,1484,1676,0,0
1310,1484,1680,0,0
1311,1505,1680,0,0
1312,1480,1680,0,0
1313,1480,1680,0,0
1314,1480,1684,0,0
1315,1480,1684,0,0
1316,1480,1688,0,0
1317,1480,1684,0,0
1318,1486,1684,0,0
1319,1480,1684,0,0
1320,1480,1680,0,0
1321,1975,1680,0,0
1322,1480,1680,0,0
1323,1480,1680,0,0
1324,1486,1676,0,0
1325,1486,1676,0,0
1326,1480,1680,0,0
1327,1480,1680,0,0
1328,1480,1688,0,0
1329,1484,1688,0,0
1330,1480,1680,0,0
1331,976,1680,0,0
1332,1480,1676,0,0
1333,1312,1676,0,0
1334,1234,1676,0,0
1335,1679,1680,0,0
1336,1679,1676,0,0
1337,1674,1676,0,0
1338,1206,1680,0,0
1339,1449,1684,0,0
1340,1440,1680,0,0
1341,1440,1680,0,0
1342,1449,1680,0,0
1343,1440,1680,0,0
1344,1440,1680,0,0
1345,1449,1684,0,0
1346,1449,1680,0,0
1347,1440,1680,0,0
1348,1449,1676,0,0
1349,1484,1680,0,0
1350,1484,1680,0,0
1351,1449,1684,0,0
1352,1449,1684,0,0
1353,1449,1680,0,0
1354,1449,1684,0,0
1355,1449,1684,0,0
1356,1440,1684,0,0
1357,1419,1684,0,0
1358,1449,1680,0,0
1359,1367,1680,0,0
1360,1415,1684,0,0
1361,1394,1680,0,0
1362,1393,1680,0,0
1363,1378,1680,0,0
1364,1449,1684,0,0
1365,1477,1684,0,0
1366,1484,1684,0,0
1367,1415,1684,0,0
1368,1449,1684,0,0
1369,1484,1684,0,0
1370,1449,1684,0,0
1371,1486,1684,0,0
1372,1484,1684,0,0
1373,1484,1688,0,0
1374,1484,1684,0,0
1375,1484,1684,0,0
1376,1486,1688,0,0
1377,1477,1688,0,0
1378,1484,1688,0,0
1379,1484,1684,0,0
1380,1449,1684,0,0
1381,1484,1684,0,0
1382,1486,1684,0,0
1383,1484,1684,0,0
1384,1484,1680,0,0
1385,1481,1680,0,0
1386,1477,1684,0,0
1387,1477,1680,0,0
1388,1477,1684,0,0
1389,1486,1684,0,0
1390,1486,1684,0,0
1391,1480,1688,0,0
1392,1486,1688,0,0
1393,1484,1680,0,0
1394,1486,1684,0,0
1395,1486,1684,0,0
1396,1484,1684,0,0
1397,1484,1688,0,0
1398,1484,1684,0,0
1399,1484,1688,0,0
1400,1484,1684,0,0
1401,1496,1688,0,0
1402,1477,1684,0,0
1403,1484,1684,0,0
1404,1484,1684,0,0
1405,1487,1684,0,0
1406,1487,1680,0,0
1407,1477,1680,0,0
1408,1477,1680,0,0
1409,1477,1684,0,0
1410,1449,1684,0,0
1411,1467,1680,0,0
1412,1466,1684,0,0
1413,1468,1684,0,0
1414,1466,1684,0,0
1415,1463,1684,0,0
1416,1449,1684,0,0
1417,1466,1684,0,0
1418,1468,1680,0,0
1419,1449,1680,0,0
1420,1440,1684,0,0
1421,1449,1688,0,0
1422,1505,1688,0,0
1423,1477,1684,0,0
1424,1496,1684,0,0
1425,1554,1684,0,0
1426,1554,1680,0,0
1427,1553,1684,0,0
1428,1449,1684,0,0
1429,1477,1680,0,0
1430,1457,1680,0,0
1431,1449,1684,0,0
1432,1505,1684,0,0
1433,1477,1676,0,0
1434,1477,1676,0,0
1435,1553,1680,0,0
1436,1511,1684,0,0
1437,1449,1680,0,0
1438,1554,1680,0,0
1439,1430,1680,0,0
1440,1511,1680,0,0
1441,1430,1676,0,0
1442,1553,1676,0,0
1443,1679,1676,0,0
1444,1449,1672,0,0
1445,1466,1676,0,0
1446,1486,1680,0,0
1447,1496,1672,0,0
1448,1486,1676,0,0
1449,1511,1676,0,0
1450,1484,1676,0,0
1451,1449,1676,0,0
1452,1511,1676,0,0
1453,1449,1676,0,0
1454,1430,1676,0,0
1455,1484,1676,0,0
1456,1449,1672,0,0
1457,1449,1600,0,0
1458,1449,1528,0,0
1459,1511,1532,0,0
1460,1486,1532,0,0
1461,1496,1540,0,0
1462,1496,1660,0,0
1463,1477,1680,0,0
1464,1553,1676,0,0
1465,1496,1660,0,0
1466,1511,1660,0,0
1467,1496,1596,0,0
1468,1449,1596,0,0
1469,1477,1532,0,0
1470,1449,1528,0,0
1471,1449,1524,0,0
1472,1449,1524,0,0
1473,1449,1524,0,0
1474,1413,1524,0,0
1475,1394,1524,0,0
1476,1413,1524,0,0
1477,1449,1524,0,0
1478,1403,1524,0,0
1479,1403,1524,0,0
1480,1394,1524,0,0
1481,1419,1524,0,0
1482,1419,1528,0,0
1483,1430,1524,0,0
1484,1449,1528,0,0
1485,1419,1528,0,0
1486,1419,1528,0,0
1487,1419,1528,0,0
1488,1744,1528,0,1
1489,1892,1528,0,1
1490,1896,1528,0,1
1491,1984,1532,0,1
1492,1984,1532,0,1
1493,1984,1532,0,1
1494,1984,1532,0,1
1495,1984,1532,0,1
1496,1984,1532,0,1
1497,1928,1532,0,1
1498,1984,1532,0,1
1499,1984,1540,0,1
1500,1984,1540,0,1
1501,1988,1536,0,1
1502,1988,1536,0,1
1503,1984,1536,0,1
1504,1928,1540,0,1
1505,1928,1536,0,1
1506,1984,1536,0,1
1507,1984,1548,0,1
1508,1984,1572,0,1
1509,1984,1568,0,1
1510,1984,1564,0,1
1511,1928,1584,0,1
1512,1984,1632,0,1
1513,1988,1656,0,1
1514,1984,1656,0,1
1515,1928,1656,0,1
1516,1984,1660,0,1
1517,1984,1656,0,1
1518,1984,1656,0,1
1519,1984,1656,0,1
1520,1984,1656,0,1
1521,1984,1656,0,1
1522,1984,1660,0,1
1523,1916,1660,0,1
1524,1760,1664,0,1
1525,1720,1664,0,1
1526,1724,1664,0,1
1527,1724,1664,0,1
1528,1704,1664,0,1
1529,1612,1664,0,1
1530,1616,1664,0,1
1531,1612,1664,0,1
1532,1528,1664,0,1
1533,1484,1664,0,1
1534,1484,1664,0,1
1535,1484,1664,0,1
1536,1500,1664,0,1
1537,1544,1664,0,1
1538,1608,1656,0,1
1539,1608,1660,0,1
1540,1624,1660,0,1
1541,1624,1660,0,1
1542,1628,1660,0,1
1543,1656,1664,0,1
1544,1648,1664,0,1
1545,1648,1676,0,1
1546,1624,1676,0,1
1547,1624,1676,0,1
1548,1624,1672,0,1
1549,1696,1672,0,1
1550,1540,1676,0,1
1551,1480,1672,0,1
1552,1480,1652,0,1
1553,1480,1608,0,1
1554,1484,1528,0,1
1555,1480,1532,0,1
1556,1480,1532,0,1
1557,1480,1532,0,1
1558,1484,1532,0,1
1559,1484,1532,0,1
1560,1484,1536,0,1
1561,1480,1532,0,1
1562,1488,1532,0,1
1563,1488,1540,0,1
1564,1488,1536,0,1
1565,1488,1536,0,1
1566,1488,1540,0,1
1567,1492,1544,0,1
1568,1488,1536,0,1
1569,1582,1536,0,0
1570,1582,1532,0,0
1571,1586,1532,0,0
1572,1582,1532,0,0
1573,1511,1532,0,0
1574,1582,1540,0,0
1575,1582,1544,0,0
1576,1582,1552,0,0
1577,1582,1556,0,0
1578,1511,1556,0,0
1579,1642,1560,0,0
1580,1642,1556,0,0
1581,1597,1560,0,0
1582,1642,1560,0,0
1583,1449,1560,0,0
1584,1642,1596,0,0
1585,1449,1600,0,0
1586,1480,1600,0,0
1587,1642,1600,0,0
1588,1477,1600,0,0
1589,1582,1596,0,0
1590,1582,1596,0,0
1591,1582,1596,0,0
1592,1480,1596,0,0
1593,1480,1600,0,0
1594,1679,1616,0,0
1595,1480,1616,0,0
1596,1480,1616,0,0
1597,1511,1620,0,0
1598,1511,1616,0,0
1599,1480,1616,0,0
1600,1480,1616,0,0
1601,1486,1616,0,0
1602,1642,1644,0,0
1603,1470,1644,0,0
1604,1449,1644,0,0
1605,1470,1648,0,0
1606,1486,1652,0,0
1607,1486,1652,0,0
1608,1511,1664,0,0
1609,1449,1664,0,0
1610,1486,1660,0,0
1611,1480,1656,0,0
1612,1480,1652,0,0
1613,1586,1652,0,0
1614,1496,1656,0,0
1615,1679,1660,0,0
1616,1534,1660,0,0
1617,1553,1664,0,0
1618,1486,1664,0,0
1619,1484,1660,0,0
1620,1496,1660,0,0
1621,1477,1656,0,0
1622,1449,1652,0,0
1623,1449,1660,0,0
1624,1466,1660,0,0
1625,1642,1664,0,0
1626,1608,1668,0,0
1627,1598,1660,0,0
1628,1642,1656,0,0
1629,1628,1660,0,0
1630,1642,1664,0,0
1631,1628,1664,0,0
1632,1642,1664,0,0
1633,1449,1668,0,0
1634,1582,1668,0,0
1635,1582,1672,0,0
1636,1511,1676,0,0
1637,1449,1676,0,0
1638,1486,1672,0,0
1639,1468,1672,0,0
1640,1480,1672,0,0
1641,1480,1664,0,0
1642,1511,1668,0,0
1643,1449,1664,0,0
1644,1642,1664,0,0
1645,1642,1664,0,0
1646,1582,1668,0,0
1647,1679,1672,0,0
1648,1758,1676,0,0
1649,1679,1676,0,0
1650,1480,1676,0,0
1651,1480,1676,0,0
1652,1480,1676,0,0
1653,1484,1676,0,0
1654,1470,1688,0,0
1655,1461,1684,0,0
1656,1457,1684,0,0
1657,1480,1676,0,0
1658,1480,1680,0,0
1659,1480,1676,0,0
1660,1480,1676,0,0
1661,1480,1676,0,0
1662,1470,1680,0,0
1663,1486,1672,0,0
1664,1679,1672,0,0
1665,1679,1672,0,0
1666,1679,1664,0,0
1667,1486,1664,0,0
1668,1511,1668,0,0
1669,1449,1672,0,0
1670,1511,1676,0,0
1671,1480,1680,0,0
1672,1480,1680,0,0
1673,1480,1680,0,0
1674,1480,1680,0,0
1675,1480,1680,0,0
1676,1449,1676,0,0
1677,1468,1676,0,0
1678,1484,1672,0,0
1679,1480,1676,0,0
1680,1477,1676,0,0
1681,1480,1676,0,0
1682,1470,1676,0,0
1683,1477,1676,0,0
1684,1480,1676,0,0
1685,1486,1676,0,0
1686,1484,1680,0,0
1687,1477,1680,0,0
1688,1480,1684,0,0
1689,1477,1708,0,0
1690,1480,1708,0,0
1691,1511,1704,0,0
1692,1449,1704,0,0
1693,1394,1696,0,0
1694,1480,1676,0,0
1695,1511,1672,0,0
1696,1476,1648,0,0
1697,1449,1652,0,0
1698,1511,1656,0,0
1699,1511,1656,0,0
1700,1511,1652,0,0
1701,1505,1644,0,0
1702,1511,1656,0,0
1703,1486,1652,0,0
1704,1484,1652,0,0
1705,1484,1652,0,0
1706,1496,1652,0,0
1707,1486,1656,0,0
1708,1514,1664,0,0
1709,1514,1664,0,0
1710,1514,1664,0,0
1711,1511,1664,0,0
1712,1706,1660,0,0
1713,1679,1664,0,0
1714,1511,1664,0,0
1715,1486,1660,0,0
1716,1486,1660,0,0
1717,1486,1656,0,0
1718,1486,1660,0,0
1719,1496,1664,0,0
1720,1486,1660,0,0
1721,1486,1656,0,0
1722,1486,1648,0,0
1723,1707,1656,0,0
1724,1706,1656,0,0
1725,1707,1660,0,0
1726,1679,1656,0,0
1727,1511,1656,0,0
1728,1486,1656,0,0
1729,1679,1656,0,0
1730,1785,1656,0,0
1731,1642,1660,0,0
1732,1679,1656,0,0
1733,1642,1664,0,0
1734,1449,1664,0,0
1735,1737,1676,0,0
1736,1759,1680,0,0
1737,1679,1676,0,0
1738,1480,1676,0,0
1739,1480,1676,0,0
1740,1496,1712,0,0
1741,1480,1712,0,0
1742,1502,1708,0,0
1743,1486,1704,0,0
1744,1648,1704,0,0
1745,1648,1704,0,0
1746,1707,1700,0,0
1747,1679,1704,0,0
1748,1679,1704,0,0
1749,1679,1704,0,0
1750,1706,1704,0,0
1751,1253,1704,0,0
1752,1267,1688,0,0
1753,1234,1688,0,0
1754,1275,1688,0,0
1755,1195,1688,0,0
1756,1678,1688,0,0
1757,1230,1692,0,0
1758,1449,1692,0,0
1759,1679,1692,0,0
1760,1679,1692,0,0
1761,1790,1684,0,0
1762,1764,1600,0,0
1763,1234,1600,0,0
1764,1859,1624,0,0
1765,1672,1676,0,0
1766,1707,1676,0,0
1767,1152,1676,0,0
1768,1863,1680,0,0
1769,1272,1664,0,0
1770,1707,1664,0,0
1771,1305,1664,0,0
1772,1095,1664,0,0
1773,1480,1664,0,0
1774,1679,1664,0,0
1775,1195,1668,0,0
1776,1234,1676,0,0
1777,1171,1680,0,0
1778,1173,1680,0,0
1779,1449,1684,0,0
1780,1642,1680,0,0
1781,1975,1680,0,0
1782,1449,1680,0,0
1783,1480,1680,0,0
1784,1247,1664,0,0
1785,1394,1596,0,0
1786,1486,1604,0,0
1787,1486,1640,0,0
1788,1486,1644,0,0
1789,1484,1692,0,0
1790,1449,1692,0,0
1791,1486,1684,0,0
1792,1713,1684,0,0
1793,1486,1680,0,0
1794,1486,1680,0,0
1795,1474,1676,0,0
1796,1449,1676,0,0
1797,1466,1668,0,0
1798,1449,1620,0,0
1799,1484,1628,0,0
1800,1480,1640,0,0
1801,1484,1664,0,0
1802,1484,1664,0,0
1803,1486,1660,0,0
1804,1484,1656,0,0
1805,1484,1664,0,0
1806,1484,1660,0,0
1807,1477,1660,0,0
1808,1466,1656,0,0
1809,1477,1656,0,0
1810,1477,1656,0,0
1811,1449,1656,0,0
1812,1477,1656,0,0
1813,1480,1656,0,0
1814,1484,1652,0,0
1815,1440,1652,0,0
1816,1440,1656,0,0
1817,1480,1660,0,0
1818,1484,1656,0,0
1819,1484,1660,0,0
1820,1484,1664,0,0
1821,1350,1664,0,0
1822,1350,1664,0,0
1823,1440,1664,0,0
1824,1449,1664,0,0
1825,1449,1664,0,0
1826,1449,1660,0,0
1827,1477,1656,0,0
1828,1582,1656,0,0
1829,1449,1656,0,0
1830,1449,1656,0,0
1831,1511,1656,0,0
1832,1449,1656,0,0
1833,1484,1660,0,0
1834,1449,1656,0,0
1835,1449,1656,0,0
1836,1430,1660,0,0
1837,1449,1656,0,0
1838,1480,1660,0,0
1839,1480,1656,0,0
1840,1419,1660,0,0
1841,1394,1660,0,0
1842,1457,1660,0,0
1843,1449,1660,0,0
1844,1477,1660,0,0
1845,1449,1660,0,0
1846,1484,1660,0,0
1847,1484,1660,0,0
1848,1484,1660,0,0
1849,1484,1664,0,0
1850,1415,1664,0,0
1851,1449,1664,0,0
1852,1484,1664,0,0
1853,1486,1664,0,0
1854,1486,1664,0,0
1855,1484,1668,0,0
1856,1480,1676,0,0
1857,1477,1680,0,0
1858,1484,1672,0,0
1859,1487,1672,0,0
1860,1486,1672,0,0
1861,1477,1676,0,0
1862,1449,1676,0,0
1863,1449,1676,0,0
1864,1449,1672,0,0
1865,1449,1672,0,0
1866,1468,1676,0,0
1867,1484,1672,0,0
1868,1449,1676,0,0
1869,1486,1672,0,0
1870,1440,1676,0,0
1871,1484,1676,0,0
1872,1415,1676,0,0
1873,1484,1672,0,0
1874,1449,1672,0,0
1875,1486,1672,0,0
1876,1486,1672,0,0
1877,1206,1676,0,0
1878,1484,1672,0,0
1879,1486,1672,0,0
1880,1486,1668,0,0
1881,1505,1660,0,0
1882,1505,1664,0,0
1883,1713,1672,0,0
1884,1511,1672,0,0
1885,1474,1676,0,0
1886,1486,1676,0,0
1887,1707,1676,0,0
1888,1586,1676,0,0
1889,1642,1676,0,0
1890,1440,1676,0,0
1891,1449,1676,0,0
1892,1449,1676,0,0
1893,1449,1676,0,0
1894,1449,1676,0,0
1895,1484,1676,0,0
1896,1511,1676,0,0
1897,1480,1672,0,0
1898,1511,1668,0,0
1899,1272,1668,0,0
1900,1449,1668,0,0
1901,1219,1664,0,0
1902,1480,1668,0,0
1903,1706,1668,0,0
1904,1267,1672,0,0
1905,1713,1672,0,0
1906,1732,1672,0,0
1907,1707,1672,0,0
1908,1272,1668,0,0
1909,1480,1668,0,0
1910,1242,1672,0,0
1911,1272,1676,0,0
1912,1233,1672,0,0
1913,1480,1672,0,0
1914,1679,1668,0,0
1915,1679,1668,0,0
1916,1697,1668,0,0
1917,1697,1668,0,0
1918,1707,1668,0,0
1919,1642,1668,0,0
1920,1642,1668,0,0
1921,1486,1672,0,0
1922,1449,1672,0,0
1923,1196,1672,0,0
1924,1474,1672,0,0
1925,1486,1668,0,0
1926,1486,1656,0,0
1927,1468,1628,0,0
1928,1449,1528,0,0
1929,1461,1528,0,0
1930,1484,1532,0,0
1931,1484,1536,0,0
1932,1449,1536,0,0
1933,1476,1540,0,0
1934,1486,1540,0,0
1935,1486,1540,0,0
1936,1679,1540,0,0
1937,1476,1540,0,0
1938,1480,1544,0,0
1939,1457,1548,0,0
1940,1449,1564,0,0
1941,1449,1560,0,0
1942,1449,1632,0,0
1943,1219,1668,0,0
1944,1234,1672,0,0
1945,1449,1680,0,0
1946,1486,1708,0,0
1947,1484,1700,0,0
1948,1484,1680,0,0
1949,1484,1680,0,0
1950,1449,1680,0,0
1951,1642,1680,0,0
1952,1679,1688,0,0
1953,1679,1684,0,0
1954,1449,1688,0,0
1955,1679,1688,0,0
1956,1679,1692,0,0
1957,1449,1696,0,0
1958,1713,1688,0,0
1959,1657,1688,0,0
1960,1657,1684,0,0
1961,1679,1684,0,0
1962,1707,1684,0,0
1963,1511,1684,0,0
1964,1679,1684,0,0
1965,1449,1684,0,0
1966,1457,1684,0,0
1967,1679,1688,0,0
1968,1480,1688,0,0
1969,1484,1688,0,0
1970,1486,1688,0,0
1971,1486,1688,0,0
1972,1449,1688,0,0
1973,1496,1688,0,0
1974,1449,1688,0,0
1975,1449,1688,0,0
1976,1642,1688,0,0
1977,1480,1684,0,0
1978,1480,1684,0,0
1979,1642,1688,0,0
1980,1679,1684,0,0
1981,1654,1684,0,0
1982,1440,1684,0,0
1983,1449,1684,0,0
1984,1449,1688,0,0
1985,1449,1692,0,0
1986,1449,1692,0,0
1987,1449,1688,0,0
1988,1457,1688,0,0
1989,1457,1684,0,0
1990,1449,1684,0,0
1991,1419,1680,0,0
1992,1449,1680,0,0
1993,1449,1680,0,0
1994,1440,1684,0,0
1995,1440,1680,0,0
1996,1440,1684,0,0
1997,1419,1688,0,0
1998,1440,1688,0,0
1999,1440,1684,0,0
2000,1449,1684,0,0
2001,1449,1680,0,0
2002,1449,1684,0,0
2003,1486,1680,0,0
2004,1679,1680,0,0
2005,1679,1676,0,0
2006,1419,1656,0,0
2007,1449,1536,0,0
2008,1449,1532,0,0
2009,1440,1532,0,0
2010,1480,1536,0,0
2011,1449,1548,0,0
2012,1449,1624,0,0
2013,1449,1652,0,0
2014,1449,1652,0,0
2015,1350,1652,0,0
2016,1312,1648,0,0
2017,1449,1652,0,0
2018,1394,1652,0,0
2019,1437,1644,0,0
2020,1449,1648,0,0
2021,1419,1648,0,0
2022,1430,1648,0,0
2023,1419,1636,0,0
2024,1449,1636,0,0
2025,1419,1636,0,0
2026,1449,1640,0,0
2027,1484,1640,0,0
2028,1449,1636,0,0
2029,1449,1640,0,0
2030,1468,1640,0,0
2031,1449,1640,0,0
2032,1484,1640,0,0
2033,1480,1640,0,0
2034,1480,1640,0,0
2035,1480,1640,0,0
2036,1480,1644,0,0
2037,1480,1644,0,0
2038,1449,1644,0,0
2039,1449,1644,0,0
2040,1449,1640,0,0
2041,1449,1640,0,0
2042,1440,1640,0,0
2043,1430,1636,0,0
2044,1449,1612,0,0
2045,1449,1600,0,0
2046,1234,1544,0,0
2047,1234,1528,0,0
2048,1233,1528,0,0
2049,1480,1528,0,0
2050,1480,1524,0,0
2051,1486,1528,0,0
2052,1486,1528,0,0
2053,1486,1528,0,0
2054,1486,1524,0,0
2055,1486,1528,0,0
2056,1486,1528,0,0
2057,1480,1528,0,0
2058,1486,1528,0,0
2059,1486,1528,0,0
2060,1486,1524,0,0
2061,1480,1524,0,0
2062,1486,1524,0,0
2063,1480,1528,0,0
2064,1679,1524,0,0
2065,1480,1524,0,0
2066,1480,1528,0,0
2067,1480,1528,0,0
2068,1480,1528,0,0
2069,1480,1524,0,0
2070,1480,1528,0,0
2071,1672,1528,0,0
2072,1672,1528,0,0
2073,1660,1528,0,0
2074,1642,1528,0,0
2075,1656,1524,0,0
2076,1672,1528,0,0
2077,1672,1524,0,0
2078,1672,1524,0,0
2079,1672,1524,0,0
2080,1672,1524,0,0
2081,1672,1524,0,0
2082,1656,1528,0,0
2083,1642,1524,0,0
2084,1656,1528,0,0
2085,1656,1524,0,0
2086,1656,1528,0,0
2087,1656,1524,0,0
2088,1656,1528,0,0
2089,1656,1528,0,0
2090,1656,1524,0,0
2091,1642,1528,0,0
2092,1642,1524,0,0
2093,1642,1524,0,0
2094,1642,1524,0,0
2095,1628,1528,0,0
2096,1628,1520,0,0
2097,1656,1524,0,0
2098,1642,1524,0,0
2099,1656,1528,0,0
2100,1660,1528,0,0
2101,1656,1524,0,0
2102,1672,1524,0,0
2103,1480,1524,0,0
2104,1480,1528,0,0
2105,1480,1520,0,0
2106,1480,1524,0,0
2107,1480,1524,0,0
2108,1449,1520,0,0
2109,1449,1524,0,0
2110,1484,1520,0,0
2111,1524,1520,0,1
2112,1484,1520,0,0
